﻿Handle,Attribute Type,Attribute Value,Group End Handle,Service_name
0x0001,UUID: GATT Primary Service Declaration (0x2800),UUID: Generic Access Profile (0x1800),0x0009,
0x0002,UUID: GATT Characteristic Declaration (0x2803),Characteristic Value Handle: 0x0003 (Generic Access Profile: Device Name),,
0x0004,UUID: GATT Characteristic Declaration (0x2803),Characteristic Value Handle: 0x0005 (Generic Access Profile: Appearance),,
0x0006,UUID: GATT Characteristic Declaration (0x2803),Characteristic Value Handle: 0x0007 (Generic Access Profile: Peripheral Preferred Connection Parameters),,
0x0008,UUID: GATT Characteristic Declaration (0x2803),Characteristic Value Handle: 0x0009 (Generic Access Profile: Central Address Resolution),,
0x000a,UUID: GATT Primary Service Declaration (0x2800),UUID: Generic Attribute Profile (0x1801),0x000a,
0x000b,UUID: GATT Primary Service Declaration (0x2800),UUID: Device Information (0x180a),0x0011,
0x000c,UUID: GATT Characteristic Declaration (0x2803),Characteristic Value Handle: 0x000d (Device Information: Manufacturer Name String),,
0x000e,UUID: GATT Characteristic Declaration (0x2803),Characteristic Value Handle: 0x000f (Device Information: Firmware Revision String),,
0x0010,UUID: GATT Characteristic Declaration (0x2803),Characteristic Value Handle: 0x0011 (Device Information: Software Revision String),,
0x0012,UUID: GATT Primary Service Declaration (0x2800),UUID: Nordic Semiconductor ASA (0xfe59),0x0015,
0x0013,UUID: GATT Characteristic Declaration (0x2803),Characteristic Value Handle: 0x0014 (Nordic Semiconductor ASA: [UUID: 8ec90003f3154f609fb8838830daea50]),,
0x0015,UUID: Client Characteristic Configuration (0x2902),Nordic Semiconductor ASA: Unknown: Client Characteristic Configuration,,
0x0016,UUID: GATT Primary Service Declaration (0x2800),UUID: Unknown (0xfd59),0x004c,
0x0017,UUID: GATT Characteristic Declaration (0x2803),Characteristic Value Handle: 0x0018 (Unknown: [UUID: bf0766aff5b94223b7e8c2386243a8df]),,CHAR_ONBOARDING_PROTOCOL_VERSION
0x0019,UUID: GATT Characteristic Declaration (0x2803),Characteristic Value Handle: 0x001a (Unknown: [UUID: 04052818d20143eb9d81e936dc86ee06]),,MNMN
0x001b,UUID: GATT Characteristic Declaration (0x2803),Characteristic Value Handle: 0x001c (Unknown: [UUID: 77b08bec589049d1b021811741b417e6]),,VID
0x001d,UUID: GATT Characteristic Declaration (0x2803),Characteristic Value Handle: 0x001e (Unknown: [UUID: 08a11e381c6d49299c324f32a64985ce]),,IDENTIFIER
0x001f,UUID: GATT Characteristic Declaration (0x2803),Characteristic Value Handle: 0x0020 (Unknown: [UUID: 5b5f7a4c257e484192d50042658122b6]),,SUPPORTED_CIPHER
0x0021,UUID: GATT Characteristic Declaration (0x2803),Characteristic Value Handle: 0x0022 (Unknown: [UUID: 12761292241c490c84246f7cc8a8a027]),,CONFIGURATION_VERSION
0x0023,UUID: GATT Characteristic Declaration (0x2803),Characteristic Value Handle: 0x0024 (Unknown: [UUID: 6ea3117487b84ff698fa796d87323792]),,SELECT_CIPHER
0x0025,,[UUID: d19ddd83bbe14144bb18f3ceb57c480a],,ADVERTISE_ID
0x0027,,[UUID: 7534c3941f404d12afd7dc2a75bd6a44],,NUMBER_OF_PRIVACY_ID
0x0029,,[UUID: bcc8cce68af648dca0ae547f7c095229],,SETUP_COMPLETE
0x002b,,[UUID: b03bd357034a4c57ae56575d974fc9de],,SUPPORTED_CONFIRM_METHOD_LIST
0x002d,,[UUID: b57a3fe1cf5e464481ab134d9f8ccaca],,SELECTED_CONFIRM_METHOD
0x002f,,[UUID: 89b0dfcb0d9e42b5bc989a786fdc7d35],,CHAR_CONFIRM_RESULT
***,UUID: GATT Characteristic Declaration (0x2803),***,中间省略，,
0x0031,UUID: Client Characteristic Configuration (0x2902),(Unknown: [Characteristic UUID: 89b0dfcb0d9e42b5bc989a786fdc7d35]: Client Characteristic Configuration),,
0x0032,,[UUID: 661ef3f13ac1483a9fcb8014c82bbfae],,CHAR_SERIAL_CONFIRM
0x0034,,[UUID: be3a25891dfa4a0a942993899936cbed],,BLE_SC_CAPABILITY
0x0036,,[UUID: 6ac16db1f4424bf4b80404c32356465d],,HASHED_SERIAL_NUMBER
0x0038,,[UUID: b5754629682144c6a118492feecf6bb2],,CLOUD_PUBLIC_KEY
0x003a,,[UUID: bebfaa51dcb844dea4b8fc8c9c7ef46d],,REGION
0x003c,,[UUID: 30c48d2a6ccb42409f977f97a3f1c030],,FIRMWARE_VERSION
0x003e,,[UUID: f299f80517b343c1ac12fbcc59ee2f0d],,CONFIRM_STATUS
0x0040,,[UUID: d0e8d14e3d0b4bda9dad4c2790f36210],,RANDOM_VALUE
0x0042,,[UUID: 5352fee4f3bc462cba7c279873bcdd71],,MODEL_NAME
0x0044,,[UUID: 4f961147905647b08d2b15c383e2e582],,
0x0046,,[UUID: 514037ebdb3942f7b0d77eebcb243da3],,
0x0048,,[UUID: 17bc203569ab4a4fb41b7deb18ce6413],,LOG
***,UUID: GATT Characteristic Declaration (0x2803),***,中间省略，,
0x004a,UUID: Client Characteristic Configuration (0x2902),(Unknown: [Characteristic UUID: 17bc203569ab4a4fb41b7deb18ce6413]: Client Characteristic Configuration),,LOG
0x004b,UUID: GATT Characteristic Declaration (0x2803),Characteristic Value Handle: 0x004c (Unknown: [UUID: abd6e6ba38434786b9b2b69548eed881]),只是断了0x0031、0x004a,PRIVACY_ID_IV
0x004d,UUID: GATT Primary Service Declaration (0x2800),[UUID: eedd5e736aa846738219398a489da87c],0x0055,SERVICE_ONBOARDING_AUTH
0x004e,UUID: GATT Characteristic Declaration (0x2803),Characteristic Value Handle: 0x004f (Unknown: [UUID: 50f98bfd158c4efaadd40a70c2f5df5d]),,
0x0050,UUID: GATT Characteristic Declaration (0x2803),Characteristic Value Handle: 0x0051 (Unknown: [UUID: a12be31c5b3847739b9d3d5735233a7c]),,NONCE
0x0052,UUID: Client Characteristic Configuration (0x2902),Handle: 0x0052 (Unknown: [Characteristic UUID: a12be31c5b3847739b9d3d5735233a7c]: Client Characteristic Configuration),,
0x0053,UUID: GATT Characteristic Declaration (0x2803),Characteristic Value Handle: 0x0054 (Unknown: [UUID: 4ebe81f6b952465e9ece5ca39d4e8955]),,ENCRYPTED_NONCE
0x0055,UUID: Client Characteristic Configuration (0x2902),Handle: 0x0055 (Unknown: [Characteristic UUID: 4ebe81f6b952465e9ece5ca39d4e8955]: Client Characteristic Configuration),,
0x0056,UUID: GATT Primary Service Declaration (0x2800),UUID: Unknown (0xfd5a),0xffff,
0x0057,UUID: GATT Characteristic Declaration (0x2803),Characteristic Value Handle: 0x0058 (Unknown: [UUID: dee30001182d5496b1ad14f216324184]),,
0x0059,UUID: Client Characteristic Configuration (0x2902),Handle: 0x0059 (Unknown: [Characteristic UUID: dee30001182d5496b1ad14f216324184]: Client Characteristic Configuration),,
0x005a,UUID: GATT Characteristic Declaration (0x2803),Characteristic Value Handle: 0x005b (Unknown: [UUID: dee30002182d5496b1ad14f216324184]),,
0x005c,UUID: Client Characteristic Configuration (0x2902),Handle: 0x005c (Unknown: [Characteristic UUID: dee30002182d5496b1ad14f216324184]: Client Characteristic Configuration),,
0x005d,UUID: GATT Characteristic Declaration (0x2803),Characteristic Value Handle: 0x005e (Unknown: [UUID: dee30003182d5496b1ad14f216324184]),,
0x005f,UUID: Client Characteristic Configuration (0x2902),Handle: 0x005f (Unknown: [Characteristic UUID: dee30003182d5496b1ad14f216324184]: Client Characteristic Configuration),,
0x0060,UUID: GATT Characteristic Declaration (0x2803),Characteristic Value Handle: 0x0061 (Unknown: [UUID: dee30004182d5496b1ad14f216324184]),,
0x0062,UUID: Client Characteristic Configuration (0x2902),Handle: 0x0062 (Unknown: [Characteristic UUID: dee30004182d5496b1ad14f216324184]: Client Characteristic Configuration),,
0x0063,UUID: GATT Characteristic Declaration (0x2803),Characteristic Value Handle: 0x0064 (Unknown: [UUID: dee30005182d5496b1ad14f216324184]),,TIME_SYNC
0x0065,UUID: Client Characteristic Configuration (0x2902),Handle: 0x0065 (Unknown: [Characteristic UUID: dee30005182d5496b1ad14f216324184]: Client Characteristic Configuration),,
0x0066,UUID: GATT Characteristic Declaration (0x2803),Characteristic Value Handle: 0x0067 (Unknown: [UUID: dee30006182d5496b1ad14f216324184]),,解绑？
0x0068,UUID: GATT Characteristic Declaration (0x2803),Characteristic Value Handle: 0x0069 (Unknown: [UUID: dee30007182d5496b1ad14f216324184]),,
0x006a,UUID: GATT Characteristic Declaration (0x2803),Characteristic Value Handle: 0x006b (Unknown: [UUID: dee3000a182d5496b1ad14f216324184]),,
0x006c,UUID: Client Characteristic Configuration (0x2902),Handle: 0x006c (Unknown: [Characteristic UUID: dee3000a182d5496b1ad14f216324184]: Client Characteristic Configuration),,
0x006d,UUID: GATT Characteristic Declaration (0x2803),Characteristic Value Handle: 0x006e (Unknown: [UUID: dee3000b182d5496b1ad14f216324184]),,
0x006f,UUID: GATT Characteristic Declaration (0x2803),Characteristic Value Handle: 0x0070 (Unknown: [UUID: dee3000c182d5496b1ad14f216324184]),,
0x0071,UUID: Client Characteristic Configuration (0x2902),Handle: 0x0071 (Unknown: [Characteristic UUID: dee3000c182d5496b1ad14f216324184]: Client Characteristic Configuration),,
0x0072,UUID: GATT Characteristic Declaration (0x2803),Characteristic Value Handle: 0x0073 (Unknown: [UUID: dee3000d182d5496b1ad14f216324184]),,
0x0074,UUID: GATT Characteristic Declaration (0x2803),Characteristic Value Handle: 0x0075 (Unknown: [UUID: dee3000e182d5496b1ad14f216324184]),,
0x0076,UUID: GATT Characteristic Declaration (0x2803),Characteristic Value Handle: 0x0077 (Unknown: [UUID: dee30020182d5496b1ad14f216324184]),,
0x0078,UUID: Client Characteristic Configuration (0x2902),Handle: 0x0078 (Unknown: [Characteristic UUID: dee30020182d5496b1ad14f216324184]: Client Characteristic Configuration),,
0x0079,UUID: GATT Characteristic Declaration (0x2803),Characteristic Value Handle: 0x007a (Unknown: [UUID: dee30030182d5496b1ad14f216324184]),,
0x007b,UUID: Client Characteristic Configuration (0x2902),Handle: 0x007b (Unknown: [Characteristic UUID: dee30030182d5496b1ad14f216324184]: Client Characteristic Configuration),,