﻿Handle,Attribute Type,Attribute Value,Group End Handle
0x0001,UUID: GATT Primary Service Declaration (0x2800),UUID: Generic Access Profile (0x1800),0x0009
0x000a,UUID: GATT Primary Service Declaration (0x2800),UUID: Generic Attribute Profile (0x1801),0x000a
0x000b,UUID: GATT Primary Service Declaration (0x2800),UUID: Device Information (0x180a),0x0011
0x0012,UUID: GATT Primary Service Declaration (0x2800),UUID: Nordic Semiconductor ASA (0xfe59),0x0015
0x0016,UUID: GATT Primary Service Declaration (0x2800),UUID: Unknown (0xfd59),0x004c
0x004d,UUID: GATT Primary Service Declaration (0x2800),UUID: 7ca89d488a3919827346a86a735eddee,0x0055
0x0056,UUID: GATT Primary Service Declaration (0x2800),UUID: Unknown (0xfd5a),0xffff